{
  "dataset": "DTD",
  "num_images": 5640,
  "num_classes": 47,
  "zero_shot": {
    "top1": 40.01772999763489,
    "top5": 68.28014254570007
  },
  "gap": {
    "CD": 1.0403761863708496,
    "FD": 1.3842313289642334,
    "RMG": 1.549825590963437,
    "FMMD": 0.4681115442433077
  }
}