{
  "dataset": "MS-COCO (auto)",
  "num_images": 5000,
  "num_texts": 25014,
  "retrieval": {
    "I2T": {
      "R@1": 48.44,
      "R@5": 73.74000000000001,
      "R@10": 81.58
    },
    "T2I": {
      "R@1": 29.891260893899418,
      "R@5": 54.053729911249704,
      "R@10": 65.0635644039338
    }
  },
  "gap_on_positive_pairs": {
    "CD": 0.8875764608383179,
    "FD": 1.0649280548095703,
    "RMG": 0.9421631309691662,
    "FMMD": 0.28631514813722925
  }
}