{
  "before": {
    "L1": 0.1457601636648178,
    "L2": 0.09913672506809235,
    "L3": 0.17807425558567047
  },
  "after": {
    "L1": 0.4796591103076935,
    "L2": 0.266512006521225,
    "L3": 0.0
  }
}