dataset,num_classes,num_images,top1,top5,CD,FD,RMG,FMMD
DTD,47,5640,40.01772999763489,68.28014254570007,1.0403761863708496,1.3842313289642334,1.549825590963437,0.4681115442433077
