{
  "dataset": "flickr30k",
  "model": "clip:ViT-B-32:openai",
  "device": "cuda",
  "ks": [
    10,
    50,
    100
  ],
  "method_info": {
    "mode": "lora_state",
    "path": "/work/was598/modilty_gap/results/our_final_train_1.27/clip_ViT-B-32_openai_flickr30k_karpathy_test_lora_state.pt"
  },
  "config": {
    "max_test_images": 400,
    "text_variant": "short",
    "paragraph_sentences": 3,
    "neighbor_chunk": 1024,
    "lora_state": "/work/was598/modilty_gap/results/our_final_train_1.27/clip_ViT-B-32_openai_flickr30k_karpathy_test_lora_state.pt",
    "lora_mix": 0.3
  },
  "summary": {
    "baseline": {
      "10": {
        "mean": 0.18150000274181366,
        "median": 0.20000000298023224,
        "q25": 0.10000000149011612,
        "count": 400
      },
      "50": {
        "mean": 0.29770001769065857,
        "median": 0.2800000011920929,
        "q25": 0.2199999988079071,
        "count": 400
      },
      "100": {
        "mean": 0.3850249946117401,
        "median": 0.3799999952316284,
        "q25": 0.33000001311302185,
        "count": 400
      }
    },
    "ours": {
      "10": {
        "mean": 0.21899999678134918,
        "median": 0.20000000298023224,
        "q25": 0.10000000149011612,
        "count": 400
      },
      "50": {
        "mean": 0.35760003328323364,
        "median": 0.3199999928474426,
        "q25": 0.25999999046325684,
        "count": 400
      },
      "100": {
        "mean": 0.43097496032714844,
        "median": 0.41999998688697815,
        "q25": 0.3700000047683716,
        "count": 400
      }
    }
  }
}