{
  "dataset": "flickr30k",
  "model": "clip:ViT-B-32:openai",
  "device": "cuda",
  "ks": [
    10,
    50,
    100
  ],
  "method_info": {
    "mode": "lora_state",
    "path": "/work/was598/modilty_gap/results/our_final_train_1.24/clip_ViT-B-32_openai_flickr30k_karpathy_test_lora_state.pt",
    "preset": {
      "name": "flickr30k_clip_vitb32_strong_gap",
      "notes": "Recommended preset for the paper-style Flickr30k CLIP LNO figure.",
      "lora_mix": 0.6
    }
  },
  "config": {
    "max_test_images": 32,
    "text_variant": "short",
    "paragraph_sentences": 3,
    "neighbor_chunk": 1024,
    "lora_state": "",
    "effective_lora_state": "/work/was598/modilty_gap/results/our_final_train_1.24/clip_ViT-B-32_openai_flickr30k_karpathy_test_lora_state.pt",
    "lora_mix": 0.3,
    "effective_lora_mix": 0.6,
    "disable_recommended_preset": false
  },
  "summary": {
    "baseline": {
      "10": {
        "mean": 0.42499998211860657,
        "median": 0.4000000059604645,
        "q25": 0.4000000059604645,
        "count": 32
      },
      "50": {
        "mean": 0.6200000047683716,
        "median": 0.6200000047683716,
        "q25": 0.6200000047683716,
        "count": 32
      },
      "100": {
        "mean": 0.3100000023841858,
        "median": 0.3100000023841858,
        "q25": 0.3100000023841858,
        "count": 32
      }
    },
    "ours": {
      "10": {
        "mean": 0.596875011920929,
        "median": 0.6000000238418579,
        "q25": 0.5,
        "count": 32
      },
      "50": {
        "mean": 0.6200000047683716,
        "median": 0.6200000047683716,
        "q25": 0.6200000047683716,
        "count": 32
      },
      "100": {
        "mean": 0.3100000023841858,
        "median": 0.3100000023841858,
        "q25": 0.3100000023841858,
        "count": 32
      }
    }
  }
}