{
  "model": "clip:ViT-B-32:openai",
  "device": "cuda",
  "lora_mix": 0.3,
  "method_info": {
    "mode": "lora_state",
    "path": "/work/was598/modilty_gap/results/our_final_train/clip:ViT-B-32:openai_flickr30k_karpathy_test_lora_state.pt"
  },
  "config": {
    "figure_samples": 24,
    "local_k": 10,
    "nas_k": 10,
    "text_variant": "short",
    "paragraph_sentences": 3,
    "max_train_images": 32,
    "max_test_images": 32,
    "lora_state": "/work/was598/modilty_gap/results/our_final_train/clip:ViT-B-32:openai_flickr30k_karpathy_test_lora_state.pt"
  },
  "sample_indices": [
    0,
    1,
    3,
    5,
    7,
    10,
    11,
    12,
    13,
    14,
    15,
    16,
    17,
    18,
    19,
    22,
    23,
    24,
    25,
    26,
    27,
    29,
    30,
    31
  ],
  "anchor": {
    "global_test_index": 13,
    "sample_index": 8,
    "caption": "An Asian man in spectacles and a t-shirt preparing some food.",
    "before_overlap": 0.5,
    "after_overlap": 0.699999988079071,
    "improvement": 0.19999998807907104,
    "before_img_neighbors": [
      18,
      11,
      20,
      16,
      0,
      7,
      9,
      12,
      21,
      2
    ],
    "before_txt_neighbors": [
      0,
      21,
      18,
      20,
      17,
      11,
      10,
      19,
      13,
      22
    ],
    "after_img_neighbors": [
      18,
      11,
      0,
      20,
      16,
      7,
      12,
      21,
      9,
      19
    ],
    "after_txt_neighbors": [
      0,
      21,
      18,
      20,
      17,
      10,
      11,
      19,
      13,
      16
    ]
  },
  "baseline": {
    "gap": {
      "centroid_distance": 0.8593006134033203,
      "relative_modality_gap": 0.5510807037353516,
      "NAS@10": 0.42500001192092896,
      "CMAS": 0.3047141432762146
    },
    "i2t": {
      "R@1": 96.875,
      "R@5": 96.875,
      "R@10": 100.0
    },
    "t2i": {
      "R@1": 91.875,
      "R@5": 100.0,
      "R@10": 100.0
    },
    "analysis_i2t": {
      "k": 10.0,
      "effective_k": 10.0,
      "oor": 0.00937500037252903,
      "hit": 0.09375,
      "margin": -0.05562998354434967
    },
    "analysis_t2i": {
      "k": 10.0,
      "effective_k": 10.0,
      "oor": 0.0062500000931322575,
      "hit": 0.0625,
      "margin": -0.061039429157972336
    }
  },
  "ours": {
    "gap": {
      "centroid_distance": 0.8293333649635315,
      "relative_modality_gap": 0.5363236665725708,
      "NAS@10": 0.4437499940395355,
      "CMAS": 0.3265259861946106
    },
    "i2t": {
      "R@1": 96.875,
      "R@5": 100.0,
      "R@10": 100.0
    },
    "t2i": {
      "R@1": 93.75,
      "R@5": 100.0,
      "R@10": 100.0
    },
    "analysis_i2t": {
      "k": 10.0,
      "effective_k": 10.0,
      "oor": 0.0062500000931322575,
      "hit": 0.0625,
      "margin": -0.07180866599082947
    },
    "analysis_t2i": {
      "k": 10.0,
      "effective_k": 10.0,
      "oor": 0.0,
      "hit": 0.0,
      "margin": -0.08111752569675446
    }
  }
}