{
  "dataset": "flickr30k",
  "model": "clip:ViT-B-32:openai",
  "device": "cuda",
  "ks": [
    10,
    50,
    100
  ],
  "method_info": {
    "mode": "lora_state",
    "path": "/work/was598/modilty_gap/results/our_final_train_1.24/clip_ViT-B-32_openai_flickr30k_karpathy_test_lora_state.pt"
  },
  "config": {
    "max_test_images": null,
    "text_variant": "short",
    "paragraph_sentences": 3,
    "neighbor_chunk": 1024,
    "lora_state": "/work/was598/modilty_gap/results/our_final_train_1.24/clip_ViT-B-32_openai_flickr30k_karpathy_test_lora_state.pt",
    "effective_lora_state": "/work/was598/modilty_gap/results/our_final_train_1.24/clip_ViT-B-32_openai_flickr30k_karpathy_test_lora_state.pt",
    "lora_mix": 0.6,
    "effective_lora_mix": 0.6,
    "disable_recommended_preset": false,
    "save_embeddings": true,
    "embedding_out": "/work/was598/modilty_gap/plot/flickr30k_lno_cdf_full127_embeddings.npz"
  },
  "summary": {
    "baseline": {
      "10": {
        "mean": 0.148499995470047,
        "median": 0.10000000149011612,
        "q25": 0.0,
        "count": 1000
      },
      "50": {
        "mean": 0.2151000052690506,
        "median": 0.18000000715255737,
        "q25": 0.11999999731779099,
        "count": 1000
      },
      "100": {
        "mean": 0.2558000087738037,
        "median": 0.23000000417232513,
        "q25": 0.1899999976158142,
        "count": 1000
      }
    },
    "ours": {
      "10": {
        "mean": 0.23430000245571136,
        "median": 0.20000000298023224,
        "q25": 0.10000000149011612,
        "count": 1000
      },
      "50": {
        "mean": 0.3656199872493744,
        "median": 0.3400000035762787,
        "q25": 0.23999999463558197,
        "count": 1000
      },
      "100": {
        "mean": 0.42642998695373535,
        "median": 0.4099999964237213,
        "q25": 0.3199999928474426,
        "count": 1000
      }
    }
  }
}